resistance_rate,drop_ratio,drive_efficiency,low_density_growth_rate,density_growth_curve,generation_to_suppression,type
0.000,0.0,0.5,6.0,linear,NAN,haplolethal
0.000,0.1,0.5,6.0,linear,NAN,haplolethal
0.000,0.2,0.5,6.0,linear,NAN,haplolethal
0.000,0.3,0.5,6.0,linear,NAN,haplolethal
0.000,0.4,0.5,6.0,linear,NAN,haplolethal
0.000,0.5,0.5,6.0,linear,NAN,haplolethal
0.000,0.6,0.5,6.0,linear,NAN,haplolethal
0.000,0.7,0.5,6.0,linear,NAN,haplolethal
0.000,0.8,0.5,6.0,linear,NAN,haplolethal
0.000,0.9,0.5,6.0,linear,NAN,haplolethal
0.000,1.0,0.5,6.0,linear,NAN,haplolethal
0.000,1.1,0.5,6.0,linear,NAN,haplolethal
0.000,1.2,0.5,6.0,linear,NAN,haplolethal
0.000,1.3,0.5,6.0,linear,NAN,haplolethal
0.000,1.4,0.5,6.0,linear,NAN,haplolethal
0.000,1.5,0.5,6.0,linear,210.050,haplolethal
0.000,1.6,0.5,6.0,linear,124.650,haplolethal
0.000,1.7,0.5,6.0,linear,99.150,haplolethal
0.000,1.8,0.5,6.0,linear,86.850,haplolethal
0.000,1.9,0.5,6.0,linear,76.950,haplolethal
0.000,2.0,0.5,6.0,linear,70.600,haplolethal
0.025,0.0,0.5,6.0,linear,NAN,haplolethal
0.025,0.1,0.5,6.0,linear,NAN,haplolethal
0.025,0.2,0.5,6.0,linear,NAN,haplolethal
0.025,0.3,0.5,6.0,linear,NAN,haplolethal
0.025,0.4,0.5,6.0,linear,NAN,haplolethal
0.025,0.5,0.5,6.0,linear,NAN,haplolethal
0.025,0.6,0.5,6.0,linear,NAN,haplolethal
0.025,0.7,0.5,6.0,linear,NAN,haplolethal
0.025,0.8,0.5,6.0,linear,NAN,haplolethal
0.025,0.9,0.5,6.0,linear,NAN,haplolethal
0.025,1.0,0.5,6.0,linear,NAN,haplolethal
0.025,1.1,0.5,6.0,linear,NAN,haplolethal
0.025,1.2,0.5,6.0,linear,NAN,haplolethal
0.025,1.3,0.5,6.0,linear,NAN,haplolethal
0.025,1.4,0.5,6.0,linear,291.000,haplolethal
0.025,1.5,0.5,6.0,linear,139.950,haplolethal
0.025,1.6,0.5,6.0,linear,106.300,haplolethal
0.025,1.7,0.5,6.0,linear,89.750,haplolethal
0.025,1.8,0.5,6.0,linear,79.000,haplolethal
0.025,1.9,0.5,6.0,linear,72.400,haplolethal
0.025,2.0,0.5,6.0,linear,67.000,haplolethal
0.050,0.0,0.5,6.0,linear,NAN,haplolethal
0.050,0.1,0.5,6.0,linear,NAN,haplolethal
0.050,0.2,0.5,6.0,linear,NAN,haplolethal
0.050,0.3,0.5,6.0,linear,NAN,haplolethal
0.050,0.4,0.5,6.0,linear,NAN,haplolethal
0.050,0.5,0.5,6.0,linear,NAN,haplolethal
0.050,0.6,0.5,6.0,linear,NAN,haplolethal
0.050,0.7,0.5,6.0,linear,NAN,haplolethal
0.050,0.8,0.5,6.0,linear,NAN,haplolethal
0.050,0.9,0.5,6.0,linear,NAN,haplolethal
0.050,1.0,0.5,6.0,linear,NAN,haplolethal
0.050,1.1,0.5,6.0,linear,NAN,haplolethal
0.050,1.2,0.5,6.0,linear,NAN,haplolethal
0.050,1.3,0.5,6.0,linear,NAN,haplolethal
0.050,1.4,0.5,6.0,linear,164.350,haplolethal
0.050,1.5,0.5,6.0,linear,113.400,haplolethal
0.050,1.6,0.5,6.0,linear,93.550,haplolethal
0.050,1.7,0.5,6.0,linear,82.000,haplolethal
0.050,1.8,0.5,6.0,linear,73.700,haplolethal
0.050,1.9,0.5,6.0,linear,68.150,haplolethal
0.050,2.0,0.5,6.0,linear,64.100,haplolethal
0.075,0.0,0.5,6.0,linear,NAN,haplolethal
0.075,0.1,0.5,6.0,linear,NAN,haplolethal
0.075,0.2,0.5,6.0,linear,NAN,haplolethal
0.075,0.3,0.5,6.0,linear,NAN,haplolethal
0.075,0.4,0.5,6.0,linear,NAN,haplolethal
0.075,0.5,0.5,6.0,linear,NAN,haplolethal
0.075,0.6,0.5,6.0,linear,NAN,haplolethal
0.075,0.7,0.5,6.0,linear,NAN,haplolethal
0.075,0.8,0.5,6.0,linear,NAN,haplolethal
0.075,0.9,0.5,6.0,linear,NAN,haplolethal
0.075,1.0,0.5,6.0,linear,NAN,haplolethal
0.075,1.1,0.5,6.0,linear,NAN,haplolethal
0.075,1.2,0.5,6.0,linear,NAN,haplolethal
0.075,1.3,0.5,6.0,linear,221.050,haplolethal
0.075,1.4,0.5,6.0,linear,122.500,haplolethal
0.075,1.5,0.5,6.0,linear,97.250,haplolethal
0.075,1.6,0.5,6.0,linear,84.800,haplolethal
0.075,1.7,0.5,6.0,linear,76.000,haplolethal
0.075,1.8,0.5,6.0,linear,69.250,haplolethal
0.075,1.9,0.5,6.0,linear,64.600,haplolethal
0.075,2.0,0.5,6.0,linear,61.550,haplolethal
0.100,0.0,0.5,6.0,linear,NAN,haplolethal
0.100,0.1,0.5,6.0,linear,NAN,haplolethal
0.100,0.2,0.5,6.0,linear,NAN,haplolethal
0.100,0.3,0.5,6.0,linear,NAN,haplolethal
0.100,0.4,0.5,6.0,linear,NAN,haplolethal
0.100,0.5,0.5,6.0,linear,NAN,haplolethal
0.100,0.6,0.5,6.0,linear,NAN,haplolethal
0.100,0.7,0.5,6.0,linear,NAN,haplolethal
0.100,0.8,0.5,6.0,linear,NAN,haplolethal
0.100,0.9,0.5,6.0,linear,NAN,haplolethal
0.100,1.0,0.5,6.0,linear,NAN,haplolethal
0.100,1.1,0.5,6.0,linear,NAN,haplolethal
0.100,1.2,0.5,6.0,linear,NAN,haplolethal
0.100,1.3,0.5,6.0,linear,143.500,haplolethal
0.100,1.4,0.5,6.0,linear,104.750,haplolethal
0.100,1.5,0.5,6.0,linear,87.350,haplolethal
0.100,1.6,0.5,6.0,linear,78.700,haplolethal
0.100,1.7,0.5,6.0,linear,71.300,haplolethal
0.100,1.8,0.5,6.0,linear,65.750,haplolethal
0.100,1.9,0.5,6.0,linear,61.850,haplolethal
0.100,2.0,0.5,6.0,linear,58.600,haplolethal
0.125,0.0,0.5,6.0,linear,NAN,haplolethal
0.125,0.1,0.5,6.0,linear,NAN,haplolethal
0.125,0.2,0.5,6.0,linear,NAN,haplolethal
0.125,0.3,0.5,6.0,linear,NAN,haplolethal
0.125,0.4,0.5,6.0,linear,NAN,haplolethal
0.125,0.5,0.5,6.0,linear,NAN,haplolethal
0.125,0.6,0.5,6.0,linear,NAN,haplolethal
0.125,0.7,0.5,6.0,linear,NAN,haplolethal
0.125,0.8,0.5,6.0,linear,NAN,haplolethal
0.125,0.9,0.5,6.0,linear,NAN,haplolethal
0.125,1.0,0.5,6.0,linear,NAN,haplolethal
0.125,1.1,0.5,6.0,linear,NAN,haplolethal
0.125,1.2,0.5,6.0,linear,176.900,haplolethal
0.125,1.3,0.5,6.0,linear,115.550,haplolethal
0.125,1.4,0.5,6.0,linear,91.950,haplolethal
0.125,1.5,0.5,6.0,linear,80.400,haplolethal
0.125,1.6,0.5,6.0,linear,72.900,haplolethal
0.125,1.7,0.5,6.0,linear,67.750,haplolethal
0.125,1.8,0.5,6.0,linear,62.950,haplolethal
0.125,1.9,0.5,6.0,linear,59.100,haplolethal
0.125,2.0,0.5,6.0,linear,56.900,haplolethal
0.150,0.0,0.5,6.0,linear,NAN,haplolethal
0.150,0.1,0.5,6.0,linear,NAN,haplolethal
0.150,0.2,0.5,6.0,linear,NAN,haplolethal
0.150,0.3,0.5,6.0,linear,NAN,haplolethal
0.150,0.4,0.5,6.0,linear,NAN,haplolethal
0.150,0.5,0.5,6.0,linear,NAN,haplolethal
0.150,0.6,0.5,6.0,linear,NAN,haplolethal
0.150,0.7,0.5,6.0,linear,NAN,haplolethal
0.150,0.8,0.5,6.0,linear,NAN,haplolethal
0.150,0.9,0.5,6.0,linear,NAN,haplolethal
0.150,1.0,0.5,6.0,linear,NAN,haplolethal
0.150,1.1,0.5,6.0,linear,263.187,haplolethal
0.150,1.2,0.5,6.0,linear,127.200,haplolethal
0.150,1.3,0.5,6.0,linear,98.100,haplolethal
0.150,1.4,0.5,6.0,linear,83.200,haplolethal
0.150,1.5,0.5,6.0,linear,74.050,haplolethal
0.150,1.6,0.5,6.0,linear,67.750,haplolethal
0.150,1.7,0.5,6.0,linear,63.150,haplolethal
0.150,1.8,0.5,6.0,linear,59.800,haplolethal
0.150,1.9,0.5,6.0,linear,58.000,haplolethal
0.150,2.0,0.5,6.0,linear,54.700,haplolethal
0.175,0.0,0.5,6.0,linear,NAN,haplolethal
0.175,0.1,0.5,6.0,linear,NAN,haplolethal
0.175,0.2,0.5,6.0,linear,NAN,haplolethal
0.175,0.3,0.5,6.0,linear,NAN,haplolethal
0.175,0.4,0.5,6.0,linear,NAN,haplolethal
0.175,0.5,0.5,6.0,linear,NAN,haplolethal
0.175,0.6,0.5,6.0,linear,NAN,haplolethal
0.175,0.7,0.5,6.0,linear,NAN,haplolethal
0.175,0.8,0.5,6.0,linear,NAN,haplolethal
0.175,0.9,0.5,6.0,linear,NAN,haplolethal
0.175,1.0,0.5,6.0,linear,NAN,haplolethal
0.175,1.1,0.5,6.0,linear,153.150,haplolethal
0.175,1.2,0.5,6.0,linear,107.200,haplolethal
0.175,1.3,0.5,6.0,linear,87.850,haplolethal
0.175,1.4,0.5,6.0,linear,76.950,haplolethal
0.175,1.5,0.5,6.0,linear,69.450,haplolethal
0.175,1.6,0.5,6.0,linear,64.300,haplolethal
0.175,1.7,0.5,6.0,linear,61.000,haplolethal
0.175,1.8,0.5,6.0,linear,57.100,haplolethal
0.175,1.9,0.5,6.0,linear,55.000,haplolethal
0.175,2.0,0.5,6.0,linear,52.750,haplolethal
0.200,0.0,0.5,6.0,linear,NAN,haplolethal
0.200,0.1,0.5,6.0,linear,NAN,haplolethal
0.200,0.2,0.5,6.0,linear,NAN,haplolethal
0.200,0.3,0.5,6.0,linear,NAN,haplolethal
0.200,0.4,0.5,6.0,linear,NAN,haplolethal
0.200,0.5,0.5,6.0,linear,NAN,haplolethal
0.200,0.6,0.5,6.0,linear,NAN,haplolethal
0.200,0.7,0.5,6.0,linear,NAN,haplolethal
0.200,0.8,0.5,6.0,linear,NAN,haplolethal
0.200,0.9,0.5,6.0,linear,NAN,haplolethal
0.200,1.0,0.5,6.0,linear,204.150,haplolethal
0.200,1.1,0.5,6.0,linear,118.150,haplolethal
0.200,1.2,0.5,6.0,linear,93.750,haplolethal
0.200,1.3,0.5,6.0,linear,79.850,haplolethal
0.200,1.4,0.5,6.0,linear,72.050,haplolethal
0.200,1.5,0.5,6.0,linear,65.400,haplolethal
0.200,1.6,0.5,6.0,linear,61.900,haplolethal
0.200,1.7,0.5,6.0,linear,58.700,haplolethal
0.200,1.8,0.5,6.0,linear,55.250,haplolethal
0.200,1.9,0.5,6.0,linear,52.750,haplolethal
0.200,2.0,0.5,6.0,linear,51.500,haplolethal
0.225,0.0,0.5,6.0,linear,NAN,haplolethal
0.225,0.1,0.5,6.0,linear,NAN,haplolethal
0.225,0.2,0.5,6.0,linear,NAN,haplolethal
0.225,0.3,0.5,6.0,linear,NAN,haplolethal
0.225,0.4,0.5,6.0,linear,NAN,haplolethal
0.225,0.5,0.5,6.0,linear,NAN,haplolethal
0.225,0.6,0.5,6.0,linear,NAN,haplolethal
0.225,0.7,0.5,6.0,linear,NAN,haplolethal
0.225,0.8,0.5,6.0,linear,NAN,haplolethal
0.225,0.9,0.5,6.0,linear,NAN,haplolethal
0.225,1.0,0.5,6.0,linear,136.150,haplolethal
0.225,1.1,0.5,6.0,linear,100.400,haplolethal
0.225,1.2,0.5,6.0,linear,84.150,haplolethal
0.225,1.3,0.5,6.0,linear,74.300,haplolethal
0.225,1.4,0.5,6.0,linear,67.850,haplolethal
0.225,1.5,0.5,6.0,linear,62.600,haplolethal
0.225,1.6,0.5,6.0,linear,58.750,haplolethal
0.225,1.7,0.5,6.0,linear,56.650,haplolethal
0.225,1.8,0.5,6.0,linear,53.300,haplolethal
0.225,1.9,0.5,6.0,linear,51.050,haplolethal
0.225,2.0,0.5,6.0,linear,49.050,haplolethal
0.250,0.0,0.5,6.0,linear,NAN,haplolethal
0.250,0.1,0.5,6.0,linear,NAN,haplolethal
0.250,0.2,0.5,6.0,linear,NAN,haplolethal
0.250,0.3,0.5,6.0,linear,NAN,haplolethal
0.250,0.4,0.5,6.0,linear,NAN,haplolethal
0.250,0.5,0.5,6.0,linear,NAN,haplolethal
0.250,0.6,0.5,6.0,linear,NAN,haplolethal
0.250,0.7,0.5,6.0,linear,NAN,haplolethal
0.250,0.8,0.5,6.0,linear,NAN,haplolethal
0.250,0.9,0.5,6.0,linear,175.650,haplolethal
0.250,1.0,0.5,6.0,linear,110.150,haplolethal
0.250,1.1,0.5,6.0,linear,89.550,haplolethal
0.250,1.2,0.5,6.0,linear,77.150,haplolethal
0.250,1.3,0.5,6.0,linear,69.200,haplolethal
0.250,1.4,0.5,6.0,linear,64.250,haplolethal
0.250,1.5,0.5,6.0,linear,59.550,haplolethal
0.250,1.6,0.5,6.0,linear,56.850,haplolethal
0.250,1.7,0.5,6.0,linear,54.000,haplolethal
0.250,1.8,0.5,6.0,linear,51.250,haplolethal
0.250,1.9,0.5,6.0,linear,50.300,haplolethal
0.250,2.0,0.5,6.0,linear,48.200,haplolethal
0.275,0.0,0.5,6.0,linear,NAN,haplolethal
0.275,0.1,0.5,6.0,linear,NAN,haplolethal
0.275,0.2,0.5,6.0,linear,NAN,haplolethal
0.275,0.3,0.5,6.0,linear,NAN,haplolethal
0.275,0.4,0.5,6.0,linear,NAN,haplolethal
0.275,0.5,0.5,6.0,linear,NAN,haplolethal
0.275,0.6,0.5,6.0,linear,NAN,haplolethal
0.275,0.7,0.5,6.0,linear,NAN,haplolethal
0.275,0.8,0.5,6.0,linear,275.833,haplolethal
0.275,0.9,0.5,6.0,linear,126.900,haplolethal
0.275,1.0,0.5,6.0,linear,95.150,haplolethal
0.275,1.1,0.5,6.0,linear,80.500,haplolethal
0.275,1.2,0.5,6.0,linear,71.900,haplolethal
0.275,1.3,0.5,6.0,linear,65.800,haplolethal
0.275,1.4,0.5,6.0,linear,60.200,haplolethal
0.275,1.5,0.5,6.0,linear,57.250,haplolethal
0.275,1.6,0.5,6.0,linear,54.350,haplolethal
0.275,1.7,0.5,6.0,linear,52.100,haplolethal
0.275,1.8,0.5,6.0,linear,49.650,haplolethal
0.275,1.9,0.5,6.0,linear,48.900,haplolethal
0.275,2.0,0.5,6.0,linear,46.500,haplolethal
0.300,0.0,0.5,6.0,linear,NAN,haplolethal
0.300,0.1,0.5,6.0,linear,NAN,haplolethal
0.300,0.2,0.5,6.0,linear,NAN,haplolethal
0.300,0.3,0.5,6.0,linear,NAN,haplolethal
0.300,0.4,0.5,6.0,linear,NAN,haplolethal
0.300,0.5,0.5,6.0,linear,NAN,haplolethal
0.300,0.6,0.5,6.0,linear,NAN,haplolethal
0.300,0.7,0.5,6.0,linear,NAN,haplolethal
0.300,0.8,0.5,6.0,linear,158.150,haplolethal
0.300,0.9,0.5,6.0,linear,106.550,haplolethal
0.300,1.0,0.5,6.0,linear,85.900,haplolethal
0.300,1.1,0.5,6.0,linear,74.550,haplolethal
0.300,1.2,0.5,6.0,linear,67.250,haplolethal
0.300,1.3,0.5,6.0,linear,62.250,haplolethal
0.300,1.4,0.5,6.0,linear,58.450,haplolethal
0.300,1.5,0.5,6.0,linear,54.750,haplolethal
0.300,1.6,0.5,6.0,linear,51.650,haplolethal
0.300,1.7,0.5,6.0,linear,50.350,haplolethal
0.300,1.8,0.5,6.0,linear,48.000,haplolethal
0.300,1.9,0.5,6.0,linear,46.850,haplolethal
0.300,2.0,0.5,6.0,linear,45.100,haplolethal
0.325,0.0,0.5,6.0,linear,NAN,haplolethal
0.325,0.1,0.5,6.0,linear,NAN,haplolethal
0.325,0.2,0.5,6.0,linear,NAN,haplolethal
0.325,0.3,0.5,6.0,linear,NAN,haplolethal
0.325,0.4,0.5,6.0,linear,NAN,haplolethal
0.325,0.5,0.5,6.0,linear,NAN,haplolethal
0.325,0.6,0.5,6.0,linear,NAN,haplolethal
0.325,0.7,0.5,6.0,linear,280.125,haplolethal
0.325,0.8,0.5,6.0,linear,121.350,haplolethal
0.325,0.9,0.5,6.0,linear,92.600,haplolethal
0.325,1.0,0.5,6.0,linear,77.250,haplolethal
0.325,1.1,0.5,6.0,linear,69.500,haplolethal
0.325,1.2,0.5,6.0,linear,63.750,haplolethal
0.325,1.3,0.5,6.0,linear,59.200,haplolethal
0.325,1.4,0.5,6.0,linear,55.200,haplolethal
0.325,1.5,0.5,6.0,linear,52.850,haplolethal
0.325,1.6,0.5,6.0,linear,50.600,haplolethal
0.325,1.7,0.5,6.0,linear,49.000,haplolethal
0.325,1.8,0.5,6.0,linear,47.950,haplolethal
0.325,1.9,0.5,6.0,linear,45.700,haplolethal
0.325,2.0,0.5,6.0,linear,43.900,haplolethal
0.350,0.0,0.5,6.0,linear,NAN,haplolethal
0.350,0.1,0.5,6.0,linear,NAN,haplolethal
0.350,0.2,0.5,6.0,linear,NAN,haplolethal
0.350,0.3,0.5,6.0,linear,NAN,haplolethal
0.350,0.4,0.5,6.0,linear,NAN,haplolethal
0.350,0.5,0.5,6.0,linear,NAN,haplolethal
0.350,0.6,0.5,6.0,linear,NAN,haplolethal
0.350,0.7,0.5,6.0,linear,158.300,haplolethal
0.350,0.8,0.5,6.0,linear,103.100,haplolethal
0.350,0.9,0.5,6.0,linear,83.650,haplolethal
0.350,1.0,0.5,6.0,linear,72.750,haplolethal
0.350,1.1,0.5,6.0,linear,65.350,haplolethal
0.350,1.2,0.5,6.0,linear,60.750,haplolethal
0.350,1.3,0.5,6.0,linear,56.200,haplolethal
0.350,1.4,0.5,6.0,linear,53.400,haplolethal
0.350,1.5,0.5,6.0,linear,51.450,haplolethal
0.350,1.6,0.5,6.0,linear,48.650,haplolethal
0.350,1.7,0.5,6.0,linear,46.700,haplolethal
0.350,1.8,0.5,6.0,linear,45.400,haplolethal
0.350,1.9,0.5,6.0,linear,44.250,haplolethal
0.350,2.0,0.5,6.0,linear,42.700,haplolethal
0.375,0.0,0.5,6.0,linear,NAN,haplolethal
0.375,0.1,0.5,6.0,linear,NAN,haplolethal
0.375,0.2,0.5,6.0,linear,NAN,haplolethal
0.375,0.3,0.5,6.0,linear,NAN,haplolethal
0.375,0.4,0.5,6.0,linear,NAN,haplolethal
0.375,0.5,0.5,6.0,linear,NAN,haplolethal
0.375,0.6,0.5,6.0,linear,271.357,haplolethal
0.375,0.7,0.5,6.0,linear,119.550,haplolethal
0.375,0.8,0.5,6.0,linear,90.100,haplolethal
0.375,0.9,0.5,6.0,linear,76.550,haplolethal
0.375,1.0,0.5,6.0,linear,67.350,haplolethal
0.375,1.1,0.5,6.0,linear,62.000,haplolethal
0.375,1.2,0.5,6.0,linear,57.300,haplolethal
0.375,1.3,0.5,6.0,linear,54.200,haplolethal
0.375,1.4,0.5,6.0,linear,51.650,haplolethal
0.375,1.5,0.5,6.0,linear,49.500,haplolethal
0.375,1.6,0.5,6.0,linear,46.750,haplolethal
0.375,1.7,0.5,6.0,linear,45.750,haplolethal
0.375,1.8,0.5,6.0,linear,44.250,haplolethal
0.375,1.9,0.5,6.0,linear,42.750,haplolethal
0.375,2.0,0.5,6.0,linear,42.000,haplolethal
0.400,0.0,0.5,6.0,linear,NAN,haplolethal
0.400,0.1,0.5,6.0,linear,NAN,haplolethal
0.400,0.2,0.5,6.0,linear,NAN,haplolethal
0.400,0.3,0.5,6.0,linear,NAN,haplolethal
0.400,0.4,0.5,6.0,linear,NAN,haplolethal
0.400,0.5,0.5,6.0,linear,NAN,haplolethal
0.400,0.6,0.5,6.0,linear,158.150,haplolethal
0.400,0.7,0.5,6.0,linear,101.200,haplolethal
0.400,0.8,0.5,6.0,linear,80.750,haplolethal
0.400,0.9,0.5,6.0,linear,71.050,haplolethal
0.400,1.0,0.5,6.0,linear,63.600,haplolethal
0.400,1.1,0.5,6.0,linear,58.900,haplolethal
0.400,1.2,0.5,6.0,linear,54.850,haplolethal
0.400,1.3,0.5,6.0,linear,51.800,haplolethal
0.400,1.4,0.5,6.0,linear,49.200,haplolethal
0.400,1.5,0.5,6.0,linear,46.950,haplolethal
0.400,1.6,0.5,6.0,linear,45.500,haplolethal
0.400,1.7,0.5,6.0,linear,44.600,haplolethal
0.400,1.8,0.5,6.0,linear,42.850,haplolethal
0.400,1.9,0.5,6.0,linear,41.200,haplolethal
0.400,2.0,0.5,6.0,linear,40.150,haplolethal
0.425,0.0,0.5,6.0,linear,NAN,haplolethal
0.425,0.1,0.5,6.0,linear,NAN,haplolethal
0.425,0.2,0.5,6.0,linear,NAN,haplolethal
0.425,0.3,0.5,6.0,linear,NAN,haplolethal
0.425,0.4,0.5,6.0,linear,NAN,haplolethal
0.425,0.5,0.5,6.0,linear,291.666,haplolethal
0.425,0.6,0.5,6.0,linear,121.000,haplolethal
0.425,0.7,0.5,6.0,linear,89.600,haplolethal
0.425,0.8,0.5,6.0,linear,74.700,haplolethal
0.425,0.9,0.5,6.0,linear,66.000,haplolethal
0.425,1.0,0.5,6.0,linear,60.300,haplolethal
0.425,1.1,0.5,6.0,linear,55.100,haplolethal
0.425,1.2,0.5,6.0,linear,51.950,haplolethal
0.425,1.3,0.5,6.0,linear,49.550,haplolethal
0.425,1.4,0.5,6.0,linear,47.500,haplolethal
0.425,1.5,0.5,6.0,linear,45.900,haplolethal
0.425,1.6,0.5,6.0,linear,43.750,haplolethal
0.425,1.7,0.5,6.0,linear,42.400,haplolethal
0.425,1.8,0.5,6.0,linear,41.250,haplolethal
0.425,1.9,0.5,6.0,linear,40.500,haplolethal
0.425,2.0,0.5,6.0,linear,39.600,haplolethal
0.450,0.0,0.5,6.0,linear,NAN,haplolethal
0.450,0.1,0.5,6.0,linear,NAN,haplolethal
0.450,0.2,0.5,6.0,linear,NAN,haplolethal
0.450,0.3,0.5,6.0,linear,NAN,haplolethal
0.450,0.4,0.5,6.0,linear,NAN,haplolethal
0.450,0.5,0.5,6.0,linear,172.950,haplolethal
0.450,0.6,0.5,6.0,linear,102.500,haplolethal
0.450,0.7,0.5,6.0,linear,80.850,haplolethal
0.450,0.8,0.5,6.0,linear,68.700,haplolethal
0.450,0.9,0.5,6.0,linear,62.850,haplolethal
0.450,1.0,0.5,6.0,linear,57.150,haplolethal
0.450,1.1,0.5,6.0,linear,53.100,haplolethal
0.450,1.2,0.5,6.0,linear,50.050,haplolethal
0.450,1.3,0.5,6.0,linear,47.950,haplolethal
0.450,1.4,0.5,6.0,linear,45.350,haplolethal
0.450,1.5,0.5,6.0,linear,43.750,haplolethal
0.450,1.6,0.5,6.0,linear,42.250,haplolethal
0.450,1.7,0.5,6.0,linear,41.350,haplolethal
0.450,1.8,0.5,6.0,linear,40.100,haplolethal
0.450,1.9,0.5,6.0,linear,39.800,haplolethal
0.450,2.0,0.5,6.0,linear,38.500,haplolethal
0.475,0.0,0.5,6.0,linear,NAN,haplolethal
0.475,0.1,0.5,6.0,linear,NAN,haplolethal
0.475,0.2,0.5,6.0,linear,NAN,haplolethal
0.475,0.3,0.5,6.0,linear,NAN,haplolethal
0.475,0.4,0.5,6.0,linear,NAN,haplolethal
0.475,0.5,0.5,6.0,linear,129.250,haplolethal
0.475,0.6,0.5,6.0,linear,90.300,haplolethal
0.475,0.7,0.5,6.0,linear,74.250,haplolethal
0.475,0.8,0.5,6.0,linear,64.900,haplolethal
0.475,0.9,0.5,6.0,linear,59.050,haplolethal
0.475,1.0,0.5,6.0,linear,53.950,haplolethal
0.475,1.1,0.5,6.0,linear,50.400,haplolethal
0.475,1.2,0.5,6.0,linear,47.700,haplolethal
0.475,1.3,0.5,6.0,linear,46.450,haplolethal
0.475,1.4,0.5,6.0,linear,44.100,haplolethal
0.475,1.5,0.5,6.0,linear,42.400,haplolethal
0.475,1.6,0.5,6.0,linear,41.400,haplolethal
0.475,1.7,0.5,6.0,linear,39.850,haplolethal
0.475,1.8,0.5,6.0,linear,38.800,haplolethal
0.475,1.9,0.5,6.0,linear,37.900,haplolethal
0.475,2.0,0.5,6.0,linear,37.350,haplolethal
0.500,0.0,0.5,6.0,linear,NAN,haplolethal
0.500,0.1,0.5,6.0,linear,NAN,haplolethal
0.500,0.2,0.5,6.0,linear,NAN,haplolethal
0.500,0.3,0.5,6.0,linear,NAN,haplolethal
0.500,0.4,0.5,6.0,linear,222.600,haplolethal
0.500,0.5,0.5,6.0,linear,107.800,haplolethal
0.500,0.6,0.5,6.0,linear,81.400,haplolethal
0.500,0.7,0.5,6.0,linear,68.450,haplolethal
0.500,0.8,0.5,6.0,linear,60.750,haplolethal
0.500,0.9,0.5,6.0,linear,55.750,haplolethal
0.500,1.0,0.5,6.0,linear,50.750,haplolethal
0.500,1.1,0.5,6.0,linear,48.550,haplolethal
0.500,1.2,0.5,6.0,linear,46.900,haplolethal
0.500,1.3,0.5,6.0,linear,44.450,haplolethal
0.500,1.4,0.5,6.0,linear,42.750,haplolethal
0.500,1.5,0.5,6.0,linear,40.950,haplolethal
0.500,1.6,0.5,6.0,linear,39.050,haplolethal
0.500,1.7,0.5,6.0,linear,38.700,haplolethal
0.500,1.8,0.5,6.0,linear,37.800,haplolethal
0.500,1.9,0.5,6.0,linear,36.850,haplolethal
0.500,2.0,0.5,6.0,linear,35.800,haplolethal
1.26E-01,1.0,0.5,6.0,linear,NAN,normal
1.26E-01,1.1,0.5,6.0,linear,NAN,normal
1.26E-01,1.2,0.5,6.0,linear,NAN,normal
1.26E-01,1.3,0.5,6.0,linear,NAN,normal
1.26E-01,1.4,0.5,6.0,linear,NAN,normal
1.26E-01,1.5,0.5,6.0,linear,NAN,normal
1.26E-01,1.6,0.5,6.0,linear,NAN,normal
1.26E-01,1.7,0.5,6.0,linear,NAN,normal
1.26E-01,1.8,0.5,6.0,linear,NAN,normal
1.26E-01,1.9,0.5,6.0,linear,NAN,normal
1.26E-01,2.0,0.5,6.0,linear,NAN,normal
1.26E-01,2.1,0.5,6.0,linear,108.450,normal
1.26E-01,2.2,0.5,6.0,linear,77.150,normal
1.26E-01,2.3,0.5,6.0,linear,69.750,normal
1.26E-01,2.4,0.5,6.0,linear,64.350,normal
1.26E-01,2.5,0.5,6.0,linear,59.500,normal
1.26E-01,2.6,0.5,6.0,linear,57.150,normal
1.26E-01,2.7,0.5,6.0,linear,54.650,normal
1.26E-01,2.8,0.5,6.0,linear,53.400,normal
1.26E-01,2.9,0.5,6.0,linear,50.900,normal
1.26E-01,3.0,0.5,6.0,linear,49.050,normal
1.26E-02,1.0,0.5,6.0,linear,NAN,normal
1.26E-02,1.1,0.5,6.0,linear,NAN,normal
1.26E-02,1.2,0.5,6.0,linear,NAN,normal
1.26E-02,1.3,0.5,6.0,linear,NAN,normal
1.26E-02,1.4,0.5,6.0,linear,NAN,normal
1.26E-02,1.5,0.5,6.0,linear,NAN,normal
1.26E-02,1.6,0.5,6.0,linear,NAN,normal
1.26E-02,1.7,0.5,6.0,linear,128.166,normal
1.26E-02,1.8,0.5,6.0,linear,93.500,normal
1.26E-02,1.9,0.5,6.0,linear,81.050,normal
1.26E-02,2.0,0.5,6.0,linear,73.850,normal
1.26E-02,2.1,0.5,6.0,linear,67.400,normal
1.26E-02,2.2,0.5,6.0,linear,63.950,normal
1.26E-02,2.3,0.5,6.0,linear,60.150,normal
1.26E-02,2.4,0.5,6.0,linear,58.200,normal
1.26E-02,2.5,0.5,6.0,linear,56.000,normal
1.26E-02,2.6,0.5,6.0,linear,52.700,normal
1.26E-02,2.7,0.5,6.0,linear,51.650,normal
1.26E-02,2.8,0.5,6.0,linear,49.950,normal
1.26E-02,2.9,0.5,6.0,linear,49.450,normal
1.26E-02,3.0,0.5,6.0,linear,47.850,normal
1.26E-03,1.0,0.5,6.0,linear,NAN,normal
1.26E-03,1.1,0.5,6.0,linear,NAN,normal
1.26E-03,1.2,0.5,6.0,linear,NAN,normal
1.26E-03,1.3,0.5,6.0,linear,NAN,normal
1.26E-03,1.4,0.5,6.0,linear,NAN,normal
1.26E-03,1.5,0.5,6.0,linear,NAN,normal
1.26E-03,1.6,0.5,6.0,linear,134.550,normal
1.26E-03,1.7,0.5,6.0,linear,100.350,normal
1.26E-03,1.8,0.5,6.0,linear,86.300,normal
1.26E-03,1.9,0.5,6.0,linear,77.550,normal
1.26E-03,2.0,0.5,6.0,linear,70.800,normal
1.26E-03,2.1,0.5,6.0,linear,66.200,normal
1.26E-03,2.2,0.5,6.0,linear,62.350,normal
1.26E-03,2.3,0.5,6.0,linear,60.000,normal
1.26E-03,2.4,0.5,6.0,linear,56.800,normal
1.26E-03,2.5,0.5,6.0,linear,55.600,normal
1.26E-03,2.6,0.5,6.0,linear,52.900,normal
1.26E-03,2.7,0.5,6.0,linear,51.650,normal
1.26E-03,2.8,0.5,6.0,linear,49.750,normal
1.26E-03,2.9,0.5,6.0,linear,49.050,normal
1.26E-03,3.0,0.5,6.0,linear,46.850,normal
1.26E-04,1.0,0.5,6.0,linear,NAN,normal
1.26E-04,1.1,0.5,6.0,linear,NAN,normal
1.26E-04,1.2,0.5,6.0,linear,NAN,normal
1.26E-04,1.3,0.5,6.0,linear,NAN,normal
1.26E-04,1.4,0.5,6.0,linear,NAN,normal
1.26E-04,1.5,0.5,6.0,linear,207.600,normal
1.26E-04,1.6,0.5,6.0,linear,126.800,normal
1.26E-04,1.7,0.5,6.0,linear,99.900,normal
1.26E-04,1.8,0.5,6.0,linear,85.300,normal
1.26E-04,1.9,0.5,6.0,linear,77.100,normal
1.26E-04,2.0,0.5,6.0,linear,71.800,normal
1.26E-04,2.1,0.5,6.0,linear,66.250,normal
1.26E-04,2.2,0.5,6.0,linear,62.700,normal
1.26E-04,2.3,0.5,6.0,linear,60.300,normal
1.26E-04,2.4,0.5,6.0,linear,57.050,normal
1.26E-04,2.5,0.5,6.0,linear,54.650,normal
1.26E-04,2.6,0.5,6.0,linear,53.150,normal
1.26E-04,2.7,0.5,6.0,linear,51.050,normal
1.26E-04,2.8,0.5,6.0,linear,50.150,normal
1.26E-04,2.9,0.5,6.0,linear,48.850,normal
1.26E-04,3.0,0.5,6.0,linear,47.600,normal
1.99E-01,1.0,0.5,6.0,linear,NAN,normal
1.99E-01,1.1,0.5,6.0,linear,NAN,normal
1.99E-01,1.2,0.5,6.0,linear,NAN,normal
1.99E-01,1.3,0.5,6.0,linear,NAN,normal
1.99E-01,1.4,0.5,6.0,linear,NAN,normal
1.99E-01,1.5,0.5,6.0,linear,NAN,normal
1.99E-01,1.6,0.5,6.0,linear,NAN,normal
1.99E-01,1.7,0.5,6.0,linear,NAN,normal
1.99E-01,1.8,0.5,6.0,linear,NAN,normal
1.99E-01,1.9,0.5,6.0,linear,NAN,normal
1.99E-01,2.0,0.5,6.0,linear,NAN,normal
1.99E-01,2.1,0.5,6.0,linear,NAN,normal
1.99E-01,2.2,0.5,6.0,linear,107.583,normal
1.99E-01,2.3,0.5,6.0,linear,80.200,normal
1.99E-01,2.4,0.5,6.0,linear,70.350,normal
1.99E-01,2.5,0.5,6.0,linear,64.450,normal
1.99E-01,2.6,0.5,6.0,linear,59.400,normal
1.99E-01,2.7,0.5,6.0,linear,57.200,normal
1.99E-01,2.8,0.5,6.0,linear,54.900,normal
1.99E-01,2.9,0.5,6.0,linear,53.250,normal
1.99E-01,3.0,0.5,6.0,linear,51.400,normal
1.99E-02,1.0,0.5,6.0,linear,NAN,normal
1.99E-02,1.1,0.5,6.0,linear,NAN,normal
1.99E-02,1.2,0.5,6.0,linear,NAN,normal
1.99E-02,1.3,0.5,6.0,linear,NAN,normal
1.99E-02,1.4,0.5,6.0,linear,NAN,normal
1.99E-02,1.5,0.5,6.0,linear,NAN,normal
1.99E-02,1.6,0.5,6.0,linear,NAN,normal
1.99E-02,1.7,0.5,6.0,linear,NAN,normal
1.99E-02,1.8,0.5,6.0,linear,101.600,normal
1.99E-02,1.9,0.5,6.0,linear,84.000,normal
1.99E-02,2.0,0.5,6.0,linear,75.400,normal
1.99E-02,2.1,0.5,6.0,linear,68.900,normal
1.99E-02,2.2,0.5,6.0,linear,64.700,normal
1.99E-02,2.3,0.5,6.0,linear,61.200,normal
1.99E-02,2.4,0.5,6.0,linear,58.100,normal
1.99E-02,2.5,0.5,6.0,linear,55.550,normal
1.99E-02,2.6,0.5,6.0,linear,53.600,normal
1.99E-02,2.7,0.5,6.0,linear,52.650,normal
1.99E-02,2.8,0.5,6.0,linear,50.450,normal
1.99E-02,2.9,0.5,6.0,linear,48.700,normal
1.99E-02,3.0,0.5,6.0,linear,48.300,normal
1.99E-03,1.0,0.5,6.0,linear,NAN,normal
1.99E-03,1.1,0.5,6.0,linear,NAN,normal
1.99E-03,1.2,0.5,6.0,linear,NAN,normal
1.99E-03,1.3,0.5,6.0,linear,NAN,normal
1.99E-03,1.4,0.5,6.0,linear,NAN,normal
1.99E-03,1.5,0.5,6.0,linear,NAN,normal
1.99E-03,1.6,0.5,6.0,linear,141.000,normal
1.99E-03,1.7,0.5,6.0,linear,103.900,normal
1.99E-03,1.8,0.5,6.0,linear,86.600,normal
1.99E-03,1.9,0.5,6.0,linear,77.150,normal
1.99E-03,2.0,0.5,6.0,linear,71.050,normal
1.99E-03,2.1,0.5,6.0,linear,65.850,normal
1.99E-03,2.2,0.5,6.0,linear,62.350,normal
1.99E-03,2.3,0.5,6.0,linear,59.700,normal
1.99E-03,2.4,0.5,6.0,linear,56.700,normal
1.99E-03,2.5,0.5,6.0,linear,54.150,normal
1.99E-03,2.6,0.5,6.0,linear,53.250,normal
1.99E-03,2.7,0.5,6.0,linear,50.750,normal
1.99E-03,2.8,0.5,6.0,linear,49.350,normal
1.99E-03,2.9,0.5,6.0,linear,48.200,normal
1.99E-03,3.0,0.5,6.0,linear,47.600,normal
1.99E-04,1.0,0.5,6.0,linear,NAN,normal
1.99E-04,1.1,0.5,6.0,linear,NAN,normal
1.99E-04,1.2,0.5,6.0,linear,NAN,normal
1.99E-04,1.3,0.5,6.0,linear,NAN,normal
1.99E-04,1.4,0.5,6.0,linear,NAN,normal
1.99E-04,1.5,0.5,6.0,linear,229.000,normal
1.99E-04,1.6,0.5,6.0,linear,124.450,normal
1.99E-04,1.7,0.5,6.0,linear,99.850,normal
1.99E-04,1.8,0.5,6.0,linear,86.050,normal
1.99E-04,1.9,0.5,6.0,linear,76.900,normal
1.99E-04,2.0,0.5,6.0,linear,70.700,normal
1.99E-04,2.1,0.5,6.0,linear,66.200,normal
1.99E-04,2.2,0.5,6.0,linear,62.100,normal
1.99E-04,2.3,0.5,6.0,linear,59.800,normal
1.99E-04,2.4,0.5,6.0,linear,57.250,normal
1.99E-04,2.5,0.5,6.0,linear,54.850,normal
1.99E-04,2.6,0.5,6.0,linear,52.350,normal
1.99E-04,2.7,0.5,6.0,linear,52.150,normal
1.99E-04,2.8,0.5,6.0,linear,49.800,normal
1.99E-04,2.9,0.5,6.0,linear,48.450,normal
1.99E-04,3.0,0.5,6.0,linear,47.700,normal
3.15E-01,1.0,0.5,6.0,linear,NAN,normal
3.15E-01,1.1,0.5,6.0,linear,NAN,normal
3.15E-01,1.2,0.5,6.0,linear,NAN,normal
3.15E-01,1.3,0.5,6.0,linear,NAN,normal
3.15E-01,1.4,0.5,6.0,linear,NAN,normal
3.15E-01,1.5,0.5,6.0,linear,NAN,normal
3.15E-01,1.6,0.5,6.0,linear,NAN,normal
3.15E-01,1.7,0.5,6.0,linear,NAN,normal
3.15E-01,1.8,0.5,6.0,linear,NAN,normal
3.15E-01,1.9,0.5,6.0,linear,NAN,normal
3.15E-01,2.0,0.5,6.0,linear,NAN,normal
3.15E-01,2.1,0.5,6.0,linear,NAN,normal
3.15E-01,2.2,0.5,6.0,linear,NAN,normal
3.15E-01,2.3,0.5,6.0,linear,NAN,normal
3.15E-01,2.4,0.5,6.0,linear,87.450,normal
3.15E-01,2.5,0.5,6.0,linear,71.550,normal
3.15E-01,2.6,0.5,6.0,linear,64.900,normal
3.15E-01,2.7,0.5,6.0,linear,61.100,normal
3.15E-01,2.8,0.5,6.0,linear,57.700,normal
3.15E-01,2.9,0.5,6.0,linear,54.900,normal
3.15E-01,3.0,0.5,6.0,linear,53.050,normal
3.15E-02,1.0,0.5,6.0,linear,NAN,normal
3.15E-02,1.1,0.5,6.0,linear,NAN,normal
3.15E-02,1.2,0.5,6.0,linear,NAN,normal
3.15E-02,1.3,0.5,6.0,linear,NAN,normal
3.15E-02,1.4,0.5,6.0,linear,NAN,normal
3.15E-02,1.5,0.5,6.0,linear,NAN,normal
3.15E-02,1.6,0.5,6.0,linear,NAN,normal
3.15E-02,1.7,0.5,6.0,linear,NAN,normal
3.15E-02,1.8,0.5,6.0,linear,138.000,normal
3.15E-02,1.9,0.5,6.0,linear,91.700,normal
3.15E-02,2.0,0.5,6.0,linear,77.300,normal
3.15E-02,2.1,0.5,6.0,linear,69.700,normal
3.15E-02,2.2,0.5,6.0,linear,65.050,normal
3.15E-02,2.3,0.5,6.0,linear,62.200,normal
3.15E-02,2.4,0.5,6.0,linear,58.900,normal
3.15E-02,2.5,0.5,6.0,linear,55.950,normal
3.15E-02,2.6,0.5,6.0,linear,54.400,normal
3.15E-02,2.7,0.5,6.0,linear,52.150,normal
3.15E-02,2.8,0.5,6.0,linear,50.450,normal
3.15E-02,2.9,0.5,6.0,linear,49.600,normal
3.15E-02,3.0,0.5,6.0,linear,48.100,normal
3.15E-03,1.0,0.5,6.0,linear,NAN,normal
3.15E-03,1.1,0.5,6.0,linear,NAN,normal
3.15E-03,1.2,0.5,6.0,linear,NAN,normal
3.15E-03,1.3,0.5,6.0,linear,NAN,normal
3.15E-03,1.4,0.5,6.0,linear,NAN,normal
3.15E-03,1.5,0.5,6.0,linear,NAN,normal
3.15E-03,1.6,0.5,6.0,linear,158.285,normal
3.15E-03,1.7,0.5,6.0,linear,102.750,normal
3.15E-03,1.8,0.5,6.0,linear,86.850,normal
3.15E-03,1.9,0.5,6.0,linear,77.550,normal
3.15E-03,2.0,0.5,6.0,linear,71.800,normal
3.15E-03,2.1,0.5,6.0,linear,66.450,normal
3.15E-03,2.2,0.5,6.0,linear,63.350,normal
3.15E-03,2.3,0.5,6.0,linear,59.350,normal
3.15E-03,2.4,0.5,6.0,linear,57.200,normal
3.15E-03,2.5,0.5,6.0,linear,54.650,normal
3.15E-03,2.6,0.5,6.0,linear,52.550,normal
3.15E-03,2.7,0.5,6.0,linear,51.400,normal
3.15E-03,2.8,0.5,6.0,linear,50.100,normal
3.15E-03,2.9,0.5,6.0,linear,48.950,normal
3.15E-03,3.0,0.5,6.0,linear,47.500,normal
3.15E-04,1.0,0.5,6.0,linear,NAN,normal
3.15E-04,1.1,0.5,6.0,linear,NAN,normal
3.15E-04,1.2,0.5,6.0,linear,NAN,normal
3.15E-04,1.3,0.5,6.0,linear,NAN,normal
3.15E-04,1.4,0.5,6.0,linear,NAN,normal
3.15E-04,1.5,0.5,6.0,linear,233.000,normal
3.15E-04,1.6,0.5,6.0,linear,130.650,normal
3.15E-04,1.7,0.5,6.0,linear,99.900,normal
3.15E-04,1.8,0.5,6.0,linear,86.250,normal
3.15E-04,1.9,0.5,6.0,linear,76.900,normal
3.15E-04,2.0,0.5,6.0,linear,71.000,normal
3.15E-04,2.1,0.5,6.0,linear,66.600,normal
3.15E-04,2.2,0.5,6.0,linear,62.600,normal
3.15E-04,2.3,0.5,6.0,linear,59.600,normal
3.15E-04,2.4,0.5,6.0,linear,56.500,normal
3.15E-04,2.5,0.5,6.0,linear,55.100,normal
3.15E-04,2.6,0.5,6.0,linear,52.800,normal
3.15E-04,2.7,0.5,6.0,linear,51.200,normal
3.15E-04,2.8,0.5,6.0,linear,50.050,normal
3.15E-04,2.9,0.5,6.0,linear,49.000,normal
3.15E-04,3.0,0.5,6.0,linear,47.100,normal
5.00E-01,1.0,0.5,6.0,linear,NAN,normal
5.00E-01,1.1,0.5,6.0,linear,NAN,normal
5.00E-01,1.2,0.5,6.0,linear,NAN,normal
5.00E-01,1.3,0.5,6.0,linear,NAN,normal
5.00E-01,1.4,0.5,6.0,linear,NAN,normal
5.00E-01,1.5,0.5,6.0,linear,NAN,normal
5.00E-01,1.6,0.5,6.0,linear,NAN,normal
5.00E-01,1.7,0.5,6.0,linear,NAN,normal
5.00E-01,1.8,0.5,6.0,linear,NAN,normal
5.00E-01,1.9,0.5,6.0,linear,NAN,normal
5.00E-01,2.0,0.5,6.0,linear,NAN,normal
5.00E-01,2.1,0.5,6.0,linear,NAN,normal
5.00E-01,2.2,0.5,6.0,linear,NAN,normal
5.00E-01,2.3,0.5,6.0,linear,NAN,normal
5.00E-01,2.4,0.5,6.0,linear,NAN,normal
5.00E-01,2.5,0.5,6.0,linear,115.529,normal
5.00E-01,2.6,0.5,6.0,linear,78.500,normal
5.00E-01,2.7,0.5,6.0,linear,69.900,normal
5.00E-01,2.8,0.5,6.0,linear,64.200,normal
5.00E-01,2.9,0.5,6.0,linear,59.750,normal
5.00E-01,3.0,0.5,6.0,linear,56.800,normal
5.00E-02,1.0,0.5,6.0,linear,NAN,normal
5.00E-02,1.1,0.5,6.0,linear,NAN,normal
5.00E-02,1.2,0.5,6.0,linear,NAN,normal
5.00E-02,1.3,0.5,6.0,linear,NAN,normal
5.00E-02,1.4,0.5,6.0,linear,NAN,normal
5.00E-02,1.5,0.5,6.0,linear,NAN,normal
5.00E-02,1.6,0.5,6.0,linear,NAN,normal
5.00E-02,1.7,0.5,6.0,linear,NAN,normal
5.00E-02,1.8,0.5,6.0,linear,NAN,normal
5.00E-02,1.9,0.5,6.0,linear,113.210,normal
5.00E-02,2.0,0.5,6.0,linear,82.900,normal
5.00E-02,2.1,0.5,6.0,linear,73.350,normal
5.00E-02,2.2,0.5,6.0,linear,66.850,normal
5.00E-02,2.3,0.5,6.0,linear,62.950,normal
5.00E-02,2.4,0.5,6.0,linear,59.200,normal
5.00E-02,2.5,0.5,6.0,linear,57.150,normal
5.00E-02,2.6,0.5,6.0,linear,54.050,normal
5.00E-02,2.7,0.5,6.0,linear,53.050,normal
5.00E-02,2.8,0.5,6.0,linear,51.800,normal
5.00E-02,2.9,0.5,6.0,linear,49.400,normal
5.00E-02,3.0,0.5,6.0,linear,49.100,normal
5.00E-03,1.0,0.5,6.0,linear,NAN,normal
5.00E-03,1.1,0.5,6.0,linear,NAN,normal
5.00E-03,1.2,0.5,6.0,linear,NAN,normal
5.00E-03,1.3,0.5,6.0,linear,NAN,normal
5.00E-03,1.4,0.5,6.0,linear,NAN,normal
5.00E-03,1.5,0.5,6.0,linear,NAN,normal
5.00E-03,1.6,0.5,6.0,linear,NAN,normal
5.00E-03,1.7,0.5,6.0,linear,107.800,normal
5.00E-03,1.8,0.5,6.0,linear,89.050,normal
5.00E-03,1.9,0.5,6.0,linear,78.000,normal
5.00E-03,2.0,0.5,6.0,linear,71.700,normal
5.00E-03,2.1,0.5,6.0,linear,67.800,normal
5.00E-03,2.2,0.5,6.0,linear,62.600,normal
5.00E-03,2.3,0.5,6.0,linear,59.750,normal
5.00E-03,2.4,0.5,6.0,linear,57.150,normal
5.00E-03,2.5,0.5,6.0,linear,54.800,normal
5.00E-03,2.6,0.5,6.0,linear,53.350,normal
5.00E-03,2.7,0.5,6.0,linear,51.900,normal
5.00E-03,2.8,0.5,6.0,linear,50.250,normal
5.00E-03,2.9,0.5,6.0,linear,48.600,normal
5.00E-03,3.0,0.5,6.0,linear,47.550,normal
5.00E-04,1.0,0.5,6.0,linear,NAN,normal
5.00E-04,1.1,0.5,6.0,linear,NAN,normal
5.00E-04,1.2,0.5,6.0,linear,NAN,normal
5.00E-04,1.3,0.5,6.0,linear,NAN,normal
5.00E-04,1.4,0.5,6.0,linear,NAN,normal
5.00E-04,1.5,0.5,6.0,linear,NAN,normal
5.00E-04,1.6,0.5,6.0,linear,128.700,normal
5.00E-04,1.7,0.5,6.0,linear,100.200,normal
5.00E-04,1.8,0.5,6.0,linear,85.000,normal
5.00E-04,1.9,0.5,6.0,linear,77.400,normal
5.00E-04,2.0,0.5,6.0,linear,71.350,normal
5.00E-04,2.1,0.5,6.0,linear,66.750,normal
5.00E-04,2.2,0.5,6.0,linear,62.850,normal
5.00E-04,2.3,0.5,6.0,linear,59.300,normal
5.00E-04,2.4,0.5,6.0,linear,57.200,normal
5.00E-04,2.5,0.5,6.0,linear,54.650,normal
5.00E-04,2.6,0.5,6.0,linear,52.850,normal
5.00E-04,2.7,0.5,6.0,linear,52.050,normal
5.00E-04,2.8,0.5,6.0,linear,49.400,normal
5.00E-04,2.9,0.5,6.0,linear,48.250,normal
5.00E-04,3.0,0.5,6.0,linear,47.600,normal
5.00E-05,1.0,0.5,6.0,linear,NAN,normal
5.00E-05,1.1,0.5,6.0,linear,NAN,normal
5.00E-05,1.2,0.5,6.0,linear,NAN,normal
5.00E-05,1.3,0.5,6.0,linear,NAN,normal
5.00E-05,1.4,0.5,6.0,linear,NAN,normal
5.00E-05,1.5,0.5,6.0,linear,216.230,normal
5.00E-05,1.6,0.5,6.0,linear,125.800,normal
5.00E-05,1.7,0.5,6.0,linear,99.900,normal
5.00E-05,1.8,0.5,6.0,linear,86.100,normal
5.00E-05,1.9,0.5,6.0,linear,76.850,normal
5.00E-05,2.0,0.5,6.0,linear,70.600,normal
5.00E-05,2.1,0.5,6.0,linear,65.750,normal
5.00E-05,2.2,0.5,6.0,linear,62.000,normal
5.00E-05,2.3,0.5,6.0,linear,59.900,normal
5.00E-05,2.4,0.5,6.0,linear,57.150,normal
5.00E-05,2.5,0.5,6.0,linear,54.950,normal
5.00E-05,2.6,0.5,6.0,linear,53.100,normal
5.00E-05,2.7,0.5,6.0,linear,51.850,normal
5.00E-05,2.8,0.5,6.0,linear,50.200,normal
5.00E-05,2.9,0.5,6.0,linear,48.750,normal
5.00E-05,3.0,0.5,6.0,linear,47.750,normal
7.92E-02,1.0,0.5,6.0,linear,NAN,normal
7.92E-02,1.1,0.5,6.0,linear,NAN,normal
7.92E-02,1.2,0.5,6.0,linear,NAN,normal
7.92E-02,1.3,0.5,6.0,linear,NAN,normal
7.92E-02,1.4,0.5,6.0,linear,NAN,normal
7.92E-02,1.5,0.5,6.0,linear,NAN,normal
7.92E-02,1.6,0.5,6.0,linear,NAN,normal
7.92E-02,1.7,0.5,6.0,linear,NAN,normal
7.92E-02,1.8,0.5,6.0,linear,NAN,normal
7.92E-02,1.9,0.5,6.0,linear,NAN,normal
7.92E-02,2.0,0.5,6.0,linear,99.700,normal
7.92E-02,2.1,0.5,6.0,linear,78.450,normal
7.92E-02,2.2,0.5,6.0,linear,70.400,normal
7.92E-02,2.3,0.5,6.0,linear,65.450,normal
7.92E-02,2.4,0.5,6.0,linear,60.650,normal
7.92E-02,2.5,0.5,6.0,linear,58.400,normal
7.92E-02,2.6,0.5,6.0,linear,55.250,normal
7.92E-02,2.7,0.5,6.0,linear,53.750,normal
7.92E-02,2.8,0.5,6.0,linear,51.850,normal
7.92E-02,2.9,0.5,6.0,linear,49.950,normal
7.92E-02,3.0,0.5,6.0,linear,48.700,normal
7.92E-03,1.0,0.5,6.0,linear,NAN,normal
7.92E-03,1.1,0.5,6.0,linear,NAN,normal
7.92E-03,1.2,0.5,6.0,linear,NAN,normal
7.92E-03,1.3,0.5,6.0,linear,NAN,normal
7.92E-03,1.4,0.5,6.0,linear,NAN,normal
7.92E-03,1.5,0.5,6.0,linear,NAN,normal
7.92E-03,1.6,0.5,6.0,linear,NAN,normal
7.92E-03,1.7,0.5,6.0,linear,113.400,normal
7.92E-03,1.8,0.5,6.0,linear,90.400,normal
7.92E-03,1.9,0.5,6.0,linear,79.600,normal
7.92E-03,2.0,0.5,6.0,linear,72.050,normal
7.92E-03,2.1,0.5,6.0,linear,66.900,normal
7.92E-03,2.2,0.5,6.0,linear,62.750,normal
7.92E-03,2.3,0.5,6.0,linear,59.350,normal
7.92E-03,2.4,0.5,6.0,linear,57.450,normal
7.92E-03,2.5,0.5,6.0,linear,54.800,normal
7.92E-03,2.6,0.5,6.0,linear,53.000,normal
7.92E-03,2.7,0.5,6.0,linear,51.700,normal
7.92E-03,2.8,0.5,6.0,linear,49.600,normal
7.92E-03,2.9,0.5,6.0,linear,48.800,normal
7.92E-03,3.0,0.5,6.0,linear,47.050,normal
7.92E-04,1.0,0.5,6.0,linear,NAN,normal
7.92E-04,1.1,0.5,6.0,linear,NAN,normal
7.92E-04,1.2,0.5,6.0,linear,NAN,normal
7.92E-04,1.3,0.5,6.0,linear,NAN,normal
7.92E-04,1.4,0.5,6.0,linear,NAN,normal
7.92E-04,1.5,0.5,6.0,linear,NAN,normal
7.92E-04,1.6,0.5,6.0,linear,130.750,normal
7.92E-04,1.7,0.5,6.0,linear,101.050,normal
7.92E-04,1.8,0.5,6.0,linear,86.000,normal
7.92E-04,1.9,0.5,6.0,linear,77.350,normal
7.92E-04,2.0,0.5,6.0,linear,71.100,normal
7.92E-04,2.1,0.5,6.0,linear,66.700,normal
7.92E-04,2.2,0.5,6.0,linear,62.900,normal
7.92E-04,2.3,0.5,6.0,linear,59.350,normal
7.92E-04,2.4,0.5,6.0,linear,56.350,normal
7.92E-04,2.5,0.5,6.0,linear,54.550,normal
7.92E-04,2.6,0.5,6.0,linear,53.050,normal
7.92E-04,2.7,0.5,6.0,linear,50.300,normal
7.92E-04,2.8,0.5,6.0,linear,49.900,normal
7.92E-04,2.9,0.5,6.0,linear,48.350,normal
7.92E-04,3.0,0.5,6.0,linear,47.550,normal
7.92E-05,1.0,0.5,6.0,linear,NAN,normal
7.92E-05,1.1,0.5,6.0,linear,NAN,normal
7.92E-05,1.2,0.5,6.0,linear,NAN,normal
7.92E-05,1.3,0.5,6.0,linear,NAN,normal
7.92E-05,1.4,0.5,6.0,linear,NAN,normal
7.92E-05,1.5,0.5,6.0,linear,215.750,normal
7.92E-05,1.6,0.5,6.0,linear,126.100,normal
7.92E-05,1.7,0.5,6.0,linear,99.400,normal
7.92E-05,1.8,0.5,6.0,linear,85.550,normal
7.92E-05,1.9,0.5,6.0,linear,78.050,normal
7.92E-05,2.0,0.5,6.0,linear,70.950,normal
7.92E-05,2.1,0.5,6.0,linear,66.500,normal
7.92E-05,2.2,0.5,6.0,linear,62.700,normal
7.92E-05,2.3,0.5,6.0,linear,59.550,normal
7.92E-05,2.4,0.5,6.0,linear,56.850,normal
7.92E-05,2.5,0.5,6.0,linear,55.500,normal
7.92E-05,2.6,0.5,6.0,linear,52.500,normal
7.92E-05,2.7,0.5,6.0,linear,50.650,normal
7.92E-05,2.8,0.5,6.0,linear,50.200,normal
7.92E-05,2.9,0.5,6.0,linear,48.250,normal
7.92E-05,3.0,0.5,6.0,linear,47.350,normal
0.000,0.0,0.5,6.0,linear,NAN,recessivelethal
0.000,0.1,0.5,6.0,linear,NAN,recessivelethal
0.000,0.2,0.5,6.0,linear,NAN,recessivelethal
0.000,0.3,0.5,6.0,linear,NAN,recessivelethal
0.000,0.4,0.5,6.0,linear,NAN,recessivelethal
0.000,0.5,0.5,6.0,linear,NAN,recessivelethal
0.000,0.6,0.5,6.0,linear,NAN,recessivelethal
0.000,0.7,0.5,6.0,linear,NAN,recessivelethal
0.000,0.8,0.5,6.0,linear,NAN,recessivelethal
0.000,0.9,0.5,6.0,linear,NAN,recessivelethal
0.000,1.0,0.5,6.0,linear,NAN,recessivelethal
0.000,1.1,0.5,6.0,linear,NAN,recessivelethal
0.000,1.2,0.5,6.0,linear,NAN,recessivelethal
0.000,1.3,0.5,6.0,linear,NAN,recessivelethal
0.000,1.4,0.5,6.0,linear,NAN,recessivelethal
0.000,1.5,0.5,6.0,linear,204.900,recessivelethal
0.000,1.6,0.5,6.0,linear,124.850,recessivelethal
0.000,1.7,0.5,6.0,linear,98.600,recessivelethal
0.000,1.8,0.5,6.0,linear,85.850,recessivelethal
0.000,1.9,0.5,6.0,linear,76.600,recessivelethal
0.000,2.0,0.5,6.0,linear,70.950,recessivelethal
0.025,0.0,0.5,6.0,linear,NAN,recessivelethal
0.025,0.1,0.5,6.0,linear,NAN,recessivelethal
0.025,0.2,0.5,6.0,linear,NAN,recessivelethal
0.025,0.3,0.5,6.0,linear,NAN,recessivelethal
0.025,0.4,0.5,6.0,linear,NAN,recessivelethal
0.025,0.5,0.5,6.0,linear,NAN,recessivelethal
0.025,0.6,0.5,6.0,linear,NAN,recessivelethal
0.025,0.7,0.5,6.0,linear,NAN,recessivelethal
0.025,0.8,0.5,6.0,linear,NAN,recessivelethal
0.025,0.9,0.5,6.0,linear,NAN,recessivelethal
0.025,1.0,0.5,6.0,linear,NAN,recessivelethal
0.025,1.1,0.5,6.0,linear,NAN,recessivelethal
0.025,1.2,0.5,6.0,linear,NAN,recessivelethal
0.025,1.3,0.5,6.0,linear,NAN,recessivelethal
0.025,1.4,0.5,6.0,linear,NAN,recessivelethal
0.025,1.5,0.5,6.0,linear,NAN,recessivelethal
0.025,1.6,0.5,6.0,linear,200.600,recessivelethal
0.025,1.7,0.5,6.0,linear,117.450,recessivelethal
0.025,1.8,0.5,6.0,linear,92.750,recessivelethal
0.025,1.9,0.5,6.0,linear,80.750,recessivelethal
0.025,2.0,0.5,6.0,linear,73.500,recessivelethal
0.050,0.0,0.5,6.0,linear,NAN,recessivelethal
0.050,0.1,0.5,6.0,linear,NAN,recessivelethal
0.050,0.2,0.5,6.0,linear,NAN,recessivelethal
0.050,0.3,0.5,6.0,linear,NAN,recessivelethal
0.050,0.4,0.5,6.0,linear,NAN,recessivelethal
0.050,0.5,0.5,6.0,linear,NAN,recessivelethal
0.050,0.6,0.5,6.0,linear,NAN,recessivelethal
0.050,0.7,0.5,6.0,linear,NAN,recessivelethal
0.050,0.8,0.5,6.0,linear,NAN,recessivelethal
0.050,0.9,0.5,6.0,linear,NAN,recessivelethal
0.050,1.0,0.5,6.0,linear,NAN,recessivelethal
0.050,1.1,0.5,6.0,linear,NAN,recessivelethal
0.050,1.2,0.5,6.0,linear,NAN,recessivelethal
0.050,1.3,0.5,6.0,linear,NAN,recessivelethal
0.050,1.4,0.5,6.0,linear,NAN,recessivelethal
0.050,1.5,0.5,6.0,linear,NAN,recessivelethal
0.050,1.6,0.5,6.0,linear,190.800,recessivelethal
0.050,1.7,0.5,6.0,linear,116.350,recessivelethal
0.050,1.8,0.5,6.0,linear,93.400,recessivelethal
0.050,1.9,0.5,6.0,linear,81.300,recessivelethal
0.050,2.0,0.5,6.0,linear,74.300,recessivelethal
0.075,0.0,0.5,6.0,linear,NAN,recessivelethal
0.075,0.1,0.5,6.0,linear,NAN,recessivelethal
0.075,0.2,0.5,6.0,linear,NAN,recessivelethal
0.075,0.3,0.5,6.0,linear,NAN,recessivelethal
0.075,0.4,0.5,6.0,linear,NAN,recessivelethal
0.075,0.5,0.5,6.0,linear,NAN,recessivelethal
0.075,0.6,0.5,6.0,linear,NAN,recessivelethal
0.075,0.7,0.5,6.0,linear,NAN,recessivelethal
0.075,0.8,0.5,6.0,linear,NAN,recessivelethal
0.075,0.9,0.5,6.0,linear,NAN,recessivelethal
0.075,1.0,0.5,6.0,linear,NAN,recessivelethal
0.075,1.1,0.5,6.0,linear,NAN,recessivelethal
0.075,1.2,0.5,6.0,linear,NAN,recessivelethal
0.075,1.3,0.5,6.0,linear,NAN,recessivelethal
0.075,1.4,0.5,6.0,linear,NAN,recessivelethal
0.075,1.5,0.5,6.0,linear,NAN,recessivelethal
0.075,1.6,0.5,6.0,linear,169.650,recessivelethal
0.075,1.7,0.5,6.0,linear,113.850,recessivelethal
0.075,1.8,0.5,6.0,linear,93.600,recessivelethal
0.075,1.9,0.5,6.0,linear,81.450,recessivelethal
0.075,2.0,0.5,6.0,linear,73.650,recessivelethal
0.100,0.0,0.5,6.0,linear,NAN,recessivelethal
0.100,0.1,0.5,6.0,linear,NAN,recessivelethal
0.100,0.2,0.5,6.0,linear,NAN,recessivelethal
0.100,0.3,0.5,6.0,linear,NAN,recessivelethal
0.100,0.4,0.5,6.0,linear,NAN,recessivelethal
0.100,0.5,0.5,6.0,linear,NAN,recessivelethal
0.100,0.6,0.5,6.0,linear,NAN,recessivelethal
0.100,0.7,0.5,6.0,linear,NAN,recessivelethal
0.100,0.8,0.5,6.0,linear,NAN,recessivelethal
0.100,0.9,0.5,6.0,linear,NAN,recessivelethal
0.100,1.0,0.5,6.0,linear,NAN,recessivelethal
0.100,1.1,0.5,6.0,linear,NAN,recessivelethal
0.100,1.2,0.5,6.0,linear,NAN,recessivelethal
0.100,1.3,0.5,6.0,linear,NAN,recessivelethal
0.100,1.4,0.5,6.0,linear,NAN,recessivelethal
0.100,1.5,0.5,6.0,linear,NAN,recessivelethal
0.100,1.6,0.5,6.0,linear,159.050,recessivelethal
0.100,1.7,0.5,6.0,linear,110.250,recessivelethal
0.100,1.8,0.5,6.0,linear,91.950,recessivelethal
0.100,1.9,0.5,6.0,linear,81.250,recessivelethal
0.100,2.0,0.5,6.0,linear,73.100,recessivelethal
0.125,0.0,0.5,6.0,linear,NAN,recessivelethal
0.125,0.1,0.5,6.0,linear,NAN,recessivelethal
0.125,0.2,0.5,6.0,linear,NAN,recessivelethal
0.125,0.3,0.5,6.0,linear,NAN,recessivelethal
0.125,0.4,0.5,6.0,linear,NAN,recessivelethal
0.125,0.5,0.5,6.0,linear,NAN,recessivelethal
0.125,0.6,0.5,6.0,linear,NAN,recessivelethal
0.125,0.7,0.5,6.0,linear,NAN,recessivelethal
0.125,0.8,0.5,6.0,linear,NAN,recessivelethal
0.125,0.9,0.5,6.0,linear,NAN,recessivelethal
0.125,1.0,0.5,6.0,linear,NAN,recessivelethal
0.125,1.1,0.5,6.0,linear,NAN,recessivelethal
0.125,1.2,0.5,6.0,linear,NAN,recessivelethal
0.125,1.3,0.5,6.0,linear,NAN,recessivelethal
0.125,1.4,0.5,6.0,linear,NAN,recessivelethal
0.125,1.5,0.5,6.0,linear,298.500,recessivelethal
0.125,1.6,0.5,6.0,linear,141.400,recessivelethal
0.125,1.7,0.5,6.0,linear,104.950,recessivelethal
0.125,1.8,0.5,6.0,linear,89.300,recessivelethal
0.125,1.9,0.5,6.0,linear,79.400,recessivelethal
0.125,2.0,0.5,6.0,linear,73.050,recessivelethal
0.150,0.0,0.5,6.0,linear,NAN,recessivelethal
0.150,0.1,0.5,6.0,linear,NAN,recessivelethal
0.150,0.2,0.5,6.0,linear,NAN,recessivelethal
0.150,0.3,0.5,6.0,linear,NAN,recessivelethal
0.150,0.4,0.5,6.0,linear,NAN,recessivelethal
0.150,0.5,0.5,6.0,linear,NAN,recessivelethal
0.150,0.6,0.5,6.0,linear,NAN,recessivelethal
0.150,0.7,0.5,6.0,linear,NAN,recessivelethal
0.150,0.8,0.5,6.0,linear,NAN,recessivelethal
0.150,0.9,0.5,6.0,linear,NAN,recessivelethal
0.150,1.0,0.5,6.0,linear,NAN,recessivelethal
0.150,1.1,0.5,6.0,linear,NAN,recessivelethal
0.150,1.2,0.5,6.0,linear,NAN,recessivelethal
0.150,1.3,0.5,6.0,linear,NAN,recessivelethal
0.150,1.4,0.5,6.0,linear,NAN,recessivelethal
0.150,1.5,0.5,6.0,linear,243.950,recessivelethal
0.150,1.6,0.5,6.0,linear,130.700,recessivelethal
0.150,1.7,0.5,6.0,linear,103.700,recessivelethal
0.150,1.8,0.5,6.0,linear,87.450,recessivelethal
0.150,1.9,0.5,6.0,linear,78.550,recessivelethal
0.150,2.0,0.5,6.0,linear,71.250,recessivelethal
0.175,0.0,0.5,6.0,linear,NAN,recessivelethal
0.175,0.1,0.5,6.0,linear,NAN,recessivelethal
0.175,0.2,0.5,6.0,linear,NAN,recessivelethal
0.175,0.3,0.5,6.0,linear,NAN,recessivelethal
0.175,0.4,0.5,6.0,linear,NAN,recessivelethal
0.175,0.5,0.5,6.0,linear,NAN,recessivelethal
0.175,0.6,0.5,6.0,linear,NAN,recessivelethal
0.175,0.7,0.5,6.0,linear,NAN,recessivelethal
0.175,0.8,0.5,6.0,linear,NAN,recessivelethal
0.175,0.9,0.5,6.0,linear,NAN,recessivelethal
0.175,1.0,0.5,6.0,linear,NAN,recessivelethal
0.175,1.1,0.5,6.0,linear,NAN,recessivelethal
0.175,1.2,0.5,6.0,linear,NAN,recessivelethal
0.175,1.3,0.5,6.0,linear,NAN,recessivelethal
0.175,1.4,0.5,6.0,linear,NAN,recessivelethal
0.175,1.5,0.5,6.0,linear,195.500,recessivelethal
0.175,1.6,0.5,6.0,linear,122.700,recessivelethal
0.175,1.7,0.5,6.0,linear,97.150,recessivelethal
0.175,1.8,0.5,6.0,linear,85.350,recessivelethal
0.175,1.9,0.5,6.0,linear,77.050,recessivelethal
0.175,2.0,0.5,6.0,linear,71.100,recessivelethal
0.200,0.0,0.5,6.0,linear,NAN,recessivelethal
0.200,0.1,0.5,6.0,linear,NAN,recessivelethal
0.200,0.2,0.5,6.0,linear,NAN,recessivelethal
0.200,0.3,0.5,6.0,linear,NAN,recessivelethal
0.200,0.4,0.5,6.0,linear,NAN,recessivelethal
0.200,0.5,0.5,6.0,linear,NAN,recessivelethal
0.200,0.6,0.5,6.0,linear,NAN,recessivelethal
0.200,0.7,0.5,6.0,linear,NAN,recessivelethal
0.200,0.8,0.5,6.0,linear,NAN,recessivelethal
0.200,0.9,0.5,6.0,linear,NAN,recessivelethal
0.200,1.0,0.5,6.0,linear,NAN,recessivelethal
0.200,1.1,0.5,6.0,linear,NAN,recessivelethal
0.200,1.2,0.5,6.0,linear,NAN,recessivelethal
0.200,1.3,0.5,6.0,linear,NAN,recessivelethal
0.200,1.4,0.5,6.0,linear,NAN,recessivelethal
0.200,1.5,0.5,6.0,linear,162.850,recessivelethal
0.200,1.6,0.5,6.0,linear,115.550,recessivelethal
0.200,1.7,0.5,6.0,linear,94.300,recessivelethal
0.200,1.8,0.5,6.0,linear,83.250,recessivelethal
0.200,1.9,0.5,6.0,linear,74.850,recessivelethal
0.200,2.0,0.5,6.0,linear,69.750,recessivelethal
0.225,0.0,0.5,6.0,linear,NAN,recessivelethal
0.225,0.1,0.5,6.0,linear,NAN,recessivelethal
0.225,0.2,0.5,6.0,linear,NAN,recessivelethal
0.225,0.3,0.5,6.0,linear,NAN,recessivelethal
0.225,0.4,0.5,6.0,linear,NAN,recessivelethal
0.225,0.5,0.5,6.0,linear,NAN,recessivelethal
0.225,0.6,0.5,6.0,linear,NAN,recessivelethal
0.225,0.7,0.5,6.0,linear,NAN,recessivelethal
0.225,0.8,0.5,6.0,linear,NAN,recessivelethal
0.225,0.9,0.5,6.0,linear,NAN,recessivelethal
0.225,1.0,0.5,6.0,linear,NAN,recessivelethal
0.225,1.1,0.5,6.0,linear,NAN,recessivelethal
0.225,1.2,0.5,6.0,linear,NAN,recessivelethal
0.225,1.3,0.5,6.0,linear,NAN,recessivelethal
0.225,1.4,0.5,6.0,linear,NAN,recessivelethal
0.225,1.5,0.5,6.0,linear,147.850,recessivelethal
0.225,1.6,0.5,6.0,linear,109.600,recessivelethal
0.225,1.7,0.5,6.0,linear,91.650,recessivelethal
0.225,1.8,0.5,6.0,linear,80.900,recessivelethal
0.225,1.9,0.5,6.0,linear,73.900,recessivelethal
0.225,2.0,0.5,6.0,linear,68.000,recessivelethal
0.250,0.0,0.5,6.0,linear,NAN,recessivelethal
0.250,0.1,0.5,6.0,linear,NAN,recessivelethal
0.250,0.2,0.5,6.0,linear,NAN,recessivelethal
0.250,0.3,0.5,6.0,linear,NAN,recessivelethal
0.250,0.4,0.5,6.0,linear,NAN,recessivelethal
0.250,0.5,0.5,6.0,linear,NAN,recessivelethal
0.250,0.6,0.5,6.0,linear,NAN,recessivelethal
0.250,0.7,0.5,6.0,linear,NAN,recessivelethal
0.250,0.8,0.5,6.0,linear,NAN,recessivelethal
0.250,0.9,0.5,6.0,linear,NAN,recessivelethal
0.250,1.0,0.5,6.0,linear,NAN,recessivelethal
0.250,1.1,0.5,6.0,linear,NAN,recessivelethal
0.250,1.2,0.5,6.0,linear,NAN,recessivelethal
0.250,1.3,0.5,6.0,linear,NAN,recessivelethal
0.250,1.4,0.5,6.0,linear,252.315,recessivelethal
0.250,1.5,0.5,6.0,linear,133.950,recessivelethal
0.250,1.6,0.5,6.0,linear,103.950,recessivelethal
0.250,1.7,0.5,6.0,linear,89.200,recessivelethal
0.250,1.8,0.5,6.0,linear,79.400,recessivelethal
0.250,1.9,0.5,6.0,linear,71.950,recessivelethal
0.250,2.0,0.5,6.0,linear,67.150,recessivelethal
0.275,0.0,0.5,6.0,linear,NAN,recessivelethal
0.275,0.1,0.5,6.0,linear,NAN,recessivelethal
0.275,0.2,0.5,6.0,linear,NAN,recessivelethal
0.275,0.3,0.5,6.0,linear,NAN,recessivelethal
0.275,0.4,0.5,6.0,linear,NAN,recessivelethal
0.275,0.5,0.5,6.0,linear,NAN,recessivelethal
0.275,0.6,0.5,6.0,linear,NAN,recessivelethal
0.275,0.7,0.5,6.0,linear,NAN,recessivelethal
0.275,0.8,0.5,6.0,linear,NAN,recessivelethal
0.275,0.9,0.5,6.0,linear,NAN,recessivelethal
0.275,1.0,0.5,6.0,linear,NAN,recessivelethal
0.275,1.1,0.5,6.0,linear,NAN,recessivelethal
0.275,1.2,0.5,6.0,linear,NAN,recessivelethal
0.275,1.3,0.5,6.0,linear,NAN,recessivelethal
0.275,1.4,0.5,6.0,linear,200.450,recessivelethal
0.275,1.5,0.5,6.0,linear,125.050,recessivelethal
0.275,1.6,0.5,6.0,linear,98.350,recessivelethal
0.275,1.7,0.5,6.0,linear,85.900,recessivelethal
0.275,1.8,0.5,6.0,linear,76.750,recessivelethal
0.275,1.9,0.5,6.0,linear,70.650,recessivelethal
0.275,2.0,0.5,6.0,linear,66.150,recessivelethal
0.300,0.0,0.5,6.0,linear,NAN,recessivelethal
0.300,0.1,0.5,6.0,linear,NAN,recessivelethal
0.300,0.2,0.5,6.0,linear,NAN,recessivelethal
0.300,0.3,0.5,6.0,linear,NAN,recessivelethal
0.300,0.4,0.5,6.0,linear,NAN,recessivelethal
0.300,0.5,0.5,6.0,linear,NAN,recessivelethal
0.300,0.6,0.5,6.0,linear,NAN,recessivelethal
0.300,0.7,0.5,6.0,linear,NAN,recessivelethal
0.300,0.8,0.5,6.0,linear,NAN,recessivelethal
0.300,0.9,0.5,6.0,linear,NAN,recessivelethal
0.300,1.0,0.5,6.0,linear,NAN,recessivelethal
0.300,1.1,0.5,6.0,linear,NAN,recessivelethal
0.300,1.2,0.5,6.0,linear,NAN,recessivelethal
0.300,1.3,0.5,6.0,linear,NAN,recessivelethal
0.300,1.4,0.5,6.0,linear,168.500,recessivelethal
0.300,1.5,0.5,6.0,linear,116.650,recessivelethal
0.300,1.6,0.5,6.0,linear,96.000,recessivelethal
0.300,1.7,0.5,6.0,linear,82.850,recessivelethal
0.300,1.8,0.5,6.0,linear,75.750,recessivelethal
0.300,1.9,0.5,6.0,linear,68.850,recessivelethal
0.300,2.0,0.5,6.0,linear,65.100,recessivelethal
0.325,0.0,0.5,6.0,linear,NAN,recessivelethal
0.325,0.1,0.5,6.0,linear,NAN,recessivelethal
0.325,0.2,0.5,6.0,linear,NAN,recessivelethal
0.325,0.3,0.5,6.0,linear,NAN,recessivelethal
0.325,0.4,0.5,6.0,linear,NAN,recessivelethal
0.325,0.5,0.5,6.0,linear,NAN,recessivelethal
0.325,0.6,0.5,6.0,linear,NAN,recessivelethal
0.325,0.7,0.5,6.0,linear,NAN,recessivelethal
0.325,0.8,0.5,6.0,linear,NAN,recessivelethal
0.325,0.9,0.5,6.0,linear,NAN,recessivelethal
0.325,1.0,0.5,6.0,linear,NAN,recessivelethal
0.325,1.1,0.5,6.0,linear,NAN,recessivelethal
0.325,1.2,0.5,6.0,linear,NAN,recessivelethal
0.325,1.3,0.5,6.0,linear,NAN,recessivelethal
0.325,1.4,0.5,6.0,linear,144.250,recessivelethal
0.325,1.5,0.5,6.0,linear,109.150,recessivelethal
0.325,1.6,0.5,6.0,linear,91.800,recessivelethal
0.325,1.7,0.5,6.0,linear,80.300,recessivelethal
0.325,1.8,0.5,6.0,linear,73.500,recessivelethal
0.325,1.9,0.5,6.0,linear,68.600,recessivelethal
0.325,2.0,0.5,6.0,linear,63.400,recessivelethal
0.350,0.0,0.5,6.0,linear,NAN,recessivelethal
0.350,0.1,0.5,6.0,linear,NAN,recessivelethal
0.350,0.2,0.5,6.0,linear,NAN,recessivelethal
0.350,0.3,0.5,6.0,linear,NAN,recessivelethal
0.350,0.4,0.5,6.0,linear,NAN,recessivelethal
0.350,0.5,0.5,6.0,linear,NAN,recessivelethal
0.350,0.6,0.5,6.0,linear,NAN,recessivelethal
0.350,0.7,0.5,6.0,linear,NAN,recessivelethal
0.350,0.8,0.5,6.0,linear,NAN,recessivelethal
0.350,0.9,0.5,6.0,linear,NAN,recessivelethal
0.350,1.0,0.5,6.0,linear,NAN,recessivelethal
0.350,1.1,0.5,6.0,linear,NAN,recessivelethal
0.350,1.2,0.5,6.0,linear,NAN,recessivelethal
0.350,1.3,0.5,6.0,linear,262.050,recessivelethal
0.350,1.4,0.5,6.0,linear,135.000,recessivelethal
0.350,1.5,0.5,6.0,linear,103.050,recessivelethal
0.350,1.6,0.5,6.0,linear,87.950,recessivelethal
0.350,1.7,0.5,6.0,linear,78.850,recessivelethal
0.350,1.8,0.5,6.0,linear,72.050,recessivelethal
0.350,1.9,0.5,6.0,linear,66.550,recessivelethal
0.350,2.0,0.5,6.0,linear,62.900,recessivelethal
0.375,0.0,0.5,6.0,linear,NAN,recessivelethal
0.375,0.1,0.5,6.0,linear,NAN,recessivelethal
0.375,0.2,0.5,6.0,linear,NAN,recessivelethal
0.375,0.3,0.5,6.0,linear,NAN,recessivelethal
0.375,0.4,0.5,6.0,linear,NAN,recessivelethal
0.375,0.5,0.5,6.0,linear,NAN,recessivelethal
0.375,0.6,0.5,6.0,linear,NAN,recessivelethal
0.375,0.7,0.5,6.0,linear,NAN,recessivelethal
0.375,0.8,0.5,6.0,linear,NAN,recessivelethal
0.375,0.9,0.5,6.0,linear,NAN,recessivelethal
0.375,1.0,0.5,6.0,linear,NAN,recessivelethal
0.375,1.1,0.5,6.0,linear,NAN,recessivelethal
0.375,1.2,0.5,6.0,linear,NAN,recessivelethal
0.375,1.3,0.5,6.0,linear,199.450,recessivelethal
0.375,1.4,0.5,6.0,linear,122.550,recessivelethal
0.375,1.5,0.5,6.0,linear,97.550,recessivelethal
0.375,1.6,0.5,6.0,linear,84.700,recessivelethal
0.375,1.7,0.5,6.0,linear,76.050,recessivelethal
0.375,1.8,0.5,6.0,linear,71.200,recessivelethal
0.375,1.9,0.5,6.0,linear,65.350,recessivelethal
0.375,2.0,0.5,6.0,linear,62.350,recessivelethal
0.400,0.0,0.5,6.0,linear,NAN,recessivelethal
0.400,0.1,0.5,6.0,linear,NAN,recessivelethal
0.400,0.2,0.5,6.0,linear,NAN,recessivelethal
0.400,0.3,0.5,6.0,linear,NAN,recessivelethal
0.400,0.4,0.5,6.0,linear,NAN,recessivelethal
0.400,0.5,0.5,6.0,linear,NAN,recessivelethal
0.400,0.6,0.5,6.0,linear,NAN,recessivelethal
0.400,0.7,0.5,6.0,linear,NAN,recessivelethal
0.400,0.8,0.5,6.0,linear,NAN,recessivelethal
0.400,0.9,0.5,6.0,linear,NAN,recessivelethal
0.400,1.0,0.5,6.0,linear,NAN,recessivelethal
0.400,1.1,0.5,6.0,linear,NAN,recessivelethal
0.400,1.2,0.5,6.0,linear,NAN,recessivelethal
0.400,1.3,0.5,6.0,linear,161.600,recessivelethal
0.400,1.4,0.5,6.0,linear,112.150,recessivelethal
0.400,1.5,0.5,6.0,linear,93.850,recessivelethal
0.400,1.6,0.5,6.0,linear,82.850,recessivelethal
0.400,1.7,0.5,6.0,linear,74.750,recessivelethal
0.400,1.8,0.5,6.0,linear,69.100,recessivelethal
0.400,1.9,0.5,6.0,linear,64.500,recessivelethal
0.400,2.0,0.5,6.0,linear,61.150,recessivelethal
0.425,0.0,0.5,6.0,linear,NAN,recessivelethal
0.425,0.1,0.5,6.0,linear,NAN,recessivelethal
0.425,0.2,0.5,6.0,linear,NAN,recessivelethal
0.425,0.3,0.5,6.0,linear,NAN,recessivelethal
0.425,0.4,0.5,6.0,linear,NAN,recessivelethal
0.425,0.5,0.5,6.0,linear,NAN,recessivelethal
0.425,0.6,0.5,6.0,linear,NAN,recessivelethal
0.425,0.7,0.5,6.0,linear,NAN,recessivelethal
0.425,0.8,0.5,6.0,linear,NAN,recessivelethal
0.425,0.9,0.5,6.0,linear,NAN,recessivelethal
0.425,1.0,0.5,6.0,linear,NAN,recessivelethal
0.425,1.1,0.5,6.0,linear,NAN,recessivelethal
0.425,1.2,0.5,6.0,linear,NAN,recessivelethal
0.425,1.3,0.5,6.0,linear,145.450,recessivelethal
0.425,1.4,0.5,6.0,linear,106.900,recessivelethal
0.425,1.5,0.5,6.0,linear,89.900,recessivelethal
0.425,1.6,0.5,6.0,linear,79.750,recessivelethal
0.425,1.7,0.5,6.0,linear,72.350,recessivelethal
0.425,1.8,0.5,6.0,linear,67.800,recessivelethal
0.425,1.9,0.5,6.0,linear,63.650,recessivelethal
0.425,2.0,0.5,6.0,linear,60.050,recessivelethal
0.450,0.0,0.5,6.0,linear,NAN,recessivelethal
0.450,0.1,0.5,6.0,linear,NAN,recessivelethal
0.450,0.2,0.5,6.0,linear,NAN,recessivelethal
0.450,0.3,0.5,6.0,linear,NAN,recessivelethal
0.450,0.4,0.5,6.0,linear,NAN,recessivelethal
0.450,0.5,0.5,6.0,linear,NAN,recessivelethal
0.450,0.6,0.5,6.0,linear,NAN,recessivelethal
0.450,0.7,0.5,6.0,linear,NAN,recessivelethal
0.450,0.8,0.5,6.0,linear,NAN,recessivelethal
0.450,0.9,0.5,6.0,linear,NAN,recessivelethal
0.450,1.0,0.5,6.0,linear,NAN,recessivelethal
0.450,1.1,0.5,6.0,linear,NAN,recessivelethal
0.450,1.2,0.5,6.0,linear,265.176,recessivelethal
0.450,1.3,0.5,6.0,linear,130.200,recessivelethal
0.450,1.4,0.5,6.0,linear,101.550,recessivelethal
0.450,1.5,0.5,6.0,linear,86.950,recessivelethal
0.450,1.6,0.5,6.0,linear,77.550,recessivelethal
0.450,1.7,0.5,6.0,linear,71.100,recessivelethal
0.450,1.8,0.5,6.0,linear,66.900,recessivelethal
0.450,1.9,0.5,6.0,linear,62.450,recessivelethal
0.450,2.0,0.5,6.0,linear,58.950,recessivelethal
0.475,0.0,0.5,6.0,linear,NAN,recessivelethal
0.475,0.1,0.5,6.0,linear,NAN,recessivelethal
0.475,0.2,0.5,6.0,linear,NAN,recessivelethal
0.475,0.3,0.5,6.0,linear,NAN,recessivelethal
0.475,0.4,0.5,6.0,linear,NAN,recessivelethal
0.475,0.5,0.5,6.0,linear,NAN,recessivelethal
0.475,0.6,0.5,6.0,linear,NAN,recessivelethal
0.475,0.7,0.5,6.0,linear,NAN,recessivelethal
0.475,0.8,0.5,6.0,linear,NAN,recessivelethal
0.475,0.9,0.5,6.0,linear,NAN,recessivelethal
0.475,1.0,0.5,6.0,linear,NAN,recessivelethal
0.475,1.1,0.5,6.0,linear,NAN,recessivelethal
0.475,1.2,0.5,6.0,linear,191.900,recessivelethal
0.475,1.3,0.5,6.0,linear,121.050,recessivelethal
0.475,1.4,0.5,6.0,linear,95.400,recessivelethal
0.475,1.5,0.5,6.0,linear,83.350,recessivelethal
0.475,1.6,0.5,6.0,linear,75.100,recessivelethal
0.475,1.7,0.5,6.0,linear,69.250,recessivelethal
0.475,1.8,0.5,6.0,linear,64.850,recessivelethal
0.475,1.9,0.5,6.0,linear,60.850,recessivelethal
0.475,2.0,0.5,6.0,linear,57.800,recessivelethal
0.500,0.0,0.5,6.0,linear,NAN,recessivelethal
0.500,0.1,0.5,6.0,linear,NAN,recessivelethal
0.500,0.2,0.5,6.0,linear,NAN,recessivelethal
0.500,0.3,0.5,6.0,linear,NAN,recessivelethal
0.500,0.4,0.5,6.0,linear,NAN,recessivelethal
0.500,0.5,0.5,6.0,linear,NAN,recessivelethal
0.500,0.6,0.5,6.0,linear,NAN,recessivelethal
0.500,0.7,0.5,6.0,linear,NAN,recessivelethal
0.500,0.8,0.5,6.0,linear,NAN,recessivelethal
0.500,0.9,0.5,6.0,linear,NAN,recessivelethal
0.500,1.0,0.5,6.0,linear,NAN,recessivelethal
0.500,1.1,0.5,6.0,linear,NAN,recessivelethal
0.500,1.2,0.5,6.0,linear,168.550,recessivelethal
0.500,1.3,0.5,6.0,linear,113.700,recessivelethal
0.500,1.4,0.5,6.0,linear,92.250,recessivelethal
0.500,1.5,0.5,6.0,linear,81.650,recessivelethal
0.500,1.6,0.5,6.0,linear,72.700,recessivelethal
0.500,1.7,0.5,6.0,linear,68.150,recessivelethal
0.500,1.8,0.5,6.0,linear,63.400,recessivelethal
0.500,1.9,0.5,6.0,linear,60.050,recessivelethal
0.500,2.0,0.5,6.0,linear,57.100,recessivelethal
